YStartTime(IST),detectionTime(IST),patternId,ActionType,CustomerName,MerchantId
2025-06-01 17:55:32,2025-06-01 17:56:02,PatId3,DEI-NEEDED,"",M732195782
2025-06-01 17:55:32,2025-06-01 17:56:02,PatId3,DEI-NEEDED,"",M732195782
2025-06-01 17:55:32,2025-06-01 17:56:02,PatId3,DEI-NEEDED,"",M732195782
2025-06-01 17:55:32,2025-06-01 17:56:02,PatId3,DEI-NEEDED,"",M732195782
2025-06-01 17:55:32,2025-06-01 17:56:02,PatId3,DEI-NEEDED,"",M732195782
2025-06-01 17:55:32,2025-06-01 17:56:02,PatId3,DEI-NEEDED,"",M732195782
