YStartTime(IST),detectionTime(IST),patternId,ActionType,CustomerName,MerchantId
2025-06-01 18:02:29,2025-06-01 18:02:59,PatId3,DEI-NEEDED,"",M732195782
2025-06-01 18:02:29,2025-06-01 18:02:59,PatId3,DEI-NEEDED,"",M732195782
2025-06-01 18:02:29,2025-06-01 18:02:59,PatId3,DEI-NEEDED,"",M732195782
2025-06-01 18:02:29,2025-06-01 18:02:59,PatId3,DEI-NEEDED,"",M732195782
2025-06-01 18:02:29,2025-06-01 18:02:59,PatId3,DEI-NEEDED,"",M732195782
2025-06-01 18:02:29,2025-06-01 18:02:59,PatId3,DEI-NEEDED,"",M732195782
