YStartTime(IST),detectionTime(IST),patternId,ActionType,CustomerName,MerchantId
2025-06-01 17:52:04,2025-06-01 17:52:32,PatId3,DEI-NEEDED,"",M732195782
2025-06-01 17:52:04,2025-06-01 17:52:32,PatId3,DEI-NEEDED,"",M732195782
2025-06-01 17:52:04,2025-06-01 17:52:32,PatId3,DEI-NEEDED,"",M732195782
2025-06-01 17:52:04,2025-06-01 17:52:32,PatId3,DEI-NEEDED,"",M732195782
2025-06-01 17:52:04,2025-06-01 17:52:32,PatId3,DEI-NEEDED,"",M732195782
2025-06-01 17:52:04,2025-06-01 17:52:32,PatId3,DEI-NEEDED,"",M732195782
